seasonType,year,league,teamId,athleteId,appearances_value,subIns_value,foulsCommitted_value,foulsSuffered_value,yellowCards_value,redCards_value,ownGoals_value,goalAssists_value,offsides_value,shotsOnTarget_value,totalShots_value,totalGoals_value,shotsFaced_value,saves_value,goalsConceded_value,timestamp
12657,2024,SUI.1,20032,75844,17,9,3,3,1,0,0,1,0,1,3,1,0,0,20,2025-03-21 04:51:57
12657,2024,SUI.1,11551,87792,2,2,0,0,0,0,0,0,0,0,0,0,0,0,0,2024-06-19 02:51:32
12657,2024,SUI.1,11551,90949,2,2,0,0,0,0,0,0,0,0,0,0,0,0,1,2024-06-19 02:51:32
12657,2024,SUI.1,3076,95525,9,4,6,2,2,0,0,0,0,0,3,0,0,0,11,2025-03-21 04:51:55
12657,2024,SUI.1,3076,97680,17,0,10,28,2,0,0,0,0,8,19,0,0,0,21,2025-03-21 04:51:55
12657,2024,SUI.1,3076,100518,25,13,21,10,4,0,0,2,0,9,27,5,0,0,16,2025-03-21 04:51:55
12657,2024,SUI.1,3076,100645,26,15,0,0,6,0,0,0,0,9,9,9,0,0,29,2024-06-19 02:51:37
12657,2024,SUI.1,3076,100681,18,4,0,0,9,0,0,0,0,6,6,6,0,0,26,2024-06-19 02:51:37
12657,2024,SUI.1,2722,104982,3,2,0,0,1,0,0,0,0,1,1,1,0,0,0,2024-06-19 02:51:36
12657,2024,SUI.1,989,105140,6,5,3,0,0,0,0,0,0,1,3,0,0,0,3,2024-09-10 04:56:12
12657,2024,SUI.1,20996,105140,27,6,12,6,5,0,0,2,0,6,17,1,0,0,40,2025-03-21 04:51:57
12657,2024,SUI.1,492,111607,0,0,0,0,0,0,0,0,0,0,0,0,0,0,0,2024-06-19 02:51:35
12657,2024,SUI.1,20996,113442,6,6,3,1,2,0,0,0,0,1,2,1,0,0,3,2025-03-21 04:51:57
12657,2024,SUI.1,3019,115371,4,4,0,0,0,0,0,0,0,0,0,0,0,0,1,2024-06-19 02:51:34
12657,2024,SUI.1,3019,121505,10,0,7,16,2,0,0,1,0,14,32,4,0,0,14,2025-03-21 04:51:56
12657,2024,SUI.1,20032,121738,16,0,1,2,2,0,0,0,0,0,0,0,0,58,26,2025-03-21 04:51:57
12657,2024,SUI.1,21926,123771,3,0,0,0,2,0,0,0,0,0,0,0,0,0,6,2024-07-13 02:54:13
12657,2024,SUI.1,989,125465,27,0,0,0,0,0,1,0,0,0,0,0,0,105,29,2025-03-21 04:51:55
12657,2024,SUI.1,492,126518,21,17,9,4,2,0,0,0,0,4,10,1,0,0,8,2025-03-21 04:51:56
12657,2024,SUI.1,3076,126645,3,3,1,0,1,0,0,0,0,0,0,0,0,0,0,2024-08-15 08:44:37
12657,2024,SUI.1,3019,132687,2,2,0,0,0,0,0,0,0,0,0,0,0,0,0,2024-06-19 02:51:34
12657,2024,SUI.1,3019,136583,2,1,0,0,0,0,0,0,0,0,0,0,0,0,1,2024-06-19 02:51:34
12657,2024,SUI.1,989,136597,27,0,25,36,6,0,0,5,0,10,38,3,0,0,28,2025-03-21 04:51:55
12657,2024,SUI.1,2722,136746,19,0,18,2,1,0,0,1,0,4,13,0,0,0,17,2025-03-21 04:51:58
12657,2024,SUI.1,989,136775,24,2,21,36,1,0,0,12,0,21,49,9,0,0,19,2025-03-21 04:51:55
12657,2024,SUI.1,3076,137018,2,0,0,0,0,0,0,0,0,0,0,0,0,10,3,2025-03-21 04:51:55
12657,2024,SUI.1,3076,140802,3,0,0,0,0,0,0,0,0,0,0,0,0,0,5,2024-06-19 02:51:37
12657,2024,SUI.1,3076,146384,3,3,0,1,0,0,0,0,0,0,0,0,0,0,1,2025-03-21 04:51:55
12657,2024,SUI.1,11551,146638,0,0,0,0,0,0,0,0,0,0,0,0,0,0,0,2024-06-19 02:51:32
12657,2024,SUI.1,492,149565,17,2,5,7,3,0,0,0,0,3,16,2,0,0,10,2025-03-21 04:51:56
12657,2024,SUI.1,11551,149843,2,1,0,0,1,0,0,0,0,0,0,0,0,0,1,2024-06-19 02:51:32
12657,2024,SUI.1,492,149845,22,0,35,33,8,1,0,0,0,1,8,0,0,0,28,2025-03-21 04:51:56
12657,2024,SUI.1,989,151553,9,8,4,6,1,0,0,0,0,0,2,0,0,0,2,2025-03-21 04:51:55
12657,2024,SUI.1,20996,152190,23,1,2,0,3,0,0,0,0,0,0,0,0,102,48,2025-03-21 04:51:57
12657,2024,SUI.1,7640,152599,24,0,0,0,6,0,0,0,0,1,1,1,0,0,33,2024-06-19 02:51:32
12657,2024,SUI.1,21538,154456,1,1,0,0,0,0,0,0,0,0,0,0,0,0,0,2025-03-21 04:51:58
12657,2024,SUI.1,3076,157999,18,16,0,0,4,0,0,0,0,0,0,0,0,0,14,2024-06-19 02:51:37
12657,2024,SUI.1,20032,158368,25,0,19,22,5,1,0,0,0,10,26,5,0,0,25,2025-03-21 04:51:57
12657,2024,SUI.1,3019,159318,3,3,1,0,0,0,0,1,0,1,2,0,0,0,1,2025-03-21 04:51:56
12657,2024,SUI.1,20996,160195,0,0,0,0,0,0,0,0,0,0,0,0,0,0,0,2024-06-19 02:51:31
12657,2024,SUI.1,7640,161067,1,0,0,0,0,0,0,0,0,0,0,0,0,0,3,2024-06-19 02:51:32
12657,2024,SUI.1,7672,162156,23,9,13,17,2,0,0,0,0,10,28,1,0,0,16,2025-03-21 04:51:55
12657,2024,SUI.1,21926,164170,3,1,0,0,0,0,0,0,0,0,0,0,0,0,4,2024-07-13 02:54:13
12657,2024,SUI.1,7640,166255,1,1,0,0,0,0,0,0,0,0,0,0,0,0,2,2025-03-21 04:51:55
12657,2024,SUI.1,21538,166724,11,4,4,3,1,0,0,0,0,1,3,0,0,0,17,2025-02-13 05:47:40
12657,2024,SUI.1,7672,167387,19,7,9,10,2,0,0,1,0,11,23,4,0,0,21,2025-03-21 04:51:55
12657,2024,SUI.1,20032,167728,12,0,0,2,0,0,0,0,0,0,0,0,0,36,13,2025-03-21 04:51:57
12657,2024,SUI.1,557,173182,8,4,5,3,1,0,0,2,0,4,13,2,0,0,11,2025-03-21 04:51:57
12657,2024,SUI.1,989,173611,1,1,0,0,0,0,0,0,0,0,0,0,0,0,0,2024-06-19 02:51:33
12657,2024,SUI.1,20032,173665,28,2,12,22,3,0,0,8,0,19,52,9,0,0,33,2025-03-21 04:51:57
12657,2024,SUI.1,557,174928,21,3,26,19,5,0,0,2,0,1,14,0,0,0,20,2025-03-21 04:51:57
12657,2024,SUI.1,3076,175082,14,7,0,0,1,0,0,0,0,0,0,0,0,0,21,2024-06-19 02:51:37
12657,2024,SUI.1,20996,175739,14,5,14,6,3,0,0,0,0,2,3,0,0,0,15,2025-03-21 04:51:57
12657,2024,SUI.1,3076,176495,27,0,42,28,4,1,0,1,0,4,4,1,0,0,42,2025-03-21 04:51:55
12657,2024,SUI.1,20996,176914,12,7,7,7,1,0,0,0,0,7,16,0,0,0,10,2025-03-21 04:51:57
12657,2024,SUI.1,21538,177600,3,1,0,0,0,0,0,0,0,0,0,0,0,0,2,2024-06-19 02:51:34
12657,2024,SUI.1,3076,177870,7,0,6,8,1,0,0,0,0,0,2,0,0,0,18,2025-03-21 04:51:55
12657,2024,SUI.1,3019,179389,14,2,9,11,2,0,0,0,0,8,25,4,0,0,15,2025-01-30 14:47:27
12657,2024,SUI.1,21538,179389,22,4,13,13,3,0,0,3,0,17,46,8,0,0,30,2025-03-21 04:51:58
12657,2024,SUI.1,3076,179390,20,13,0,0,1,0,0,0,0,1,1,1,0,0,20,2024-06-19 02:51:37
12657,2024,SUI.1,20996,179390,20,2,6,7,1,0,0,1,0,4,8,3,0,0,33,2025-03-21 04:51:57
12657,2024,SUI.1,492,179391,13,1,9,2,4,1,0,0,0,0,1,0,0,0,20,2025-03-21 04:51:56
12657,2024,SUI.1,7640,180143,4,3,0,0,0,0,0,0,0,0,0,0,0,0,3,2024-06-19 02:51:32
12657,2024,SUI.1,492,181707,9,3,6,6,1,0,0,1,0,3,10,1,0,0,9,2025-01-07 05:38:22
12657,2024,SUI.1,20032,181789,13,5,20,13,1,0,0,1,0,1,6,0,0,0,14,2025-03-21 04:51:57
12657,2024,SUI.1,3076,181792,17,1,0,0,6,1,0,0,0,3,3,3,0,0,34,2024-06-19 02:51:37
12657,2024,SUI.1,11551,182019,1,0,0,0,0,0,0,0,0,0,0,0,0,0,0,2024-06-19 02:51:32
12657,2024,SUI.1,3019,183118,28,0,0,2,0,0,1,0,0,0,0,0,0,82,39,2025-03-21 04:51:56
12657,2024,SUI.1,989,183265,2,1,0,1,0,0,0,0,0,0,0,0,0,1,2,2025-03-21 04:51:55
12657,2024,SUI.1,3019,186151,7,0,5,2,0,0,0,0,0,2,8,0,0,0,8,2025-03-21 04:51:56
12657,2024,SUI.1,20996,187521,0,0,0,0,0,0,0,0,0,0,0,0,0,0,0,2024-06-19 02:51:31
12657,2024,SUI.1,492,190599,19,8,14,8,3,0,0,1,0,1,8,0,0,0,15,2025-03-21 04:51:56
12657,2024,SUI.1,492,191017,18,2,15,13,3,0,0,3,0,0,4,0,0,0,22,2025-03-21 04:51:56
12657,2024,SUI.1,3076,192446,24,4,0,0,5,1,0,0,0,1,1,1,0,0,41,2024-06-19 02:51:37
12657,2024,SUI.1,989,193223,0,0,0,0,0,0,0,0,0,0,0,0,0,0,0,2024-07-26 11:04:39
12657,2024,SUI.1,7672,193462,18,4,17,29,4,0,0,3,0,12,28,7,0,0,22,2025-03-21 04:51:55
12657,2024,SUI.1,3076,193904,4,1,0,0,1,0,0,0,0,0,0,0,0,0,7,2024-06-19 02:51:37
12657,2024,SUI.1,11551,194352,27,0,29,34,7,0,0,1,0,10,24,5,0,0,33,2025-03-21 04:51:56
12657,2024,SUI.1,7640,195072,21,13,16,11,3,0,0,1,0,21,30,5,0,0,17,2025-03-21 04:51:55
12657,2024,SUI.1,2722,195221,7,1,5,2,0,0,0,1,0,10,19,5,0,0,5,2025-03-21 04:51:58
12657,2024,SUI.1,989,195261,1,1,0,0,0,0,1,0,0,0,0,0,0,0,2,2025-01-29 14:48:24
12657,2024,SUI.1,20032,197314,2,1,0,0,0,0,0,0,0,0,0,0,0,0,2,2024-06-19 02:51:33
12657,2024,SUI.1,2722,199378,17,0,0,1,1,0,0,0,0,0,0,0,0,59,28,2025-03-21 04:51:58
12657,2024,SUI.1,21538,199388,25,6,17,29,3,1,1,2,0,2,11,0,0,0,29,2025-03-21 04:51:58
12657,2024,SUI.1,20032,199645,25,8,20,21,4,0,0,2,0,17,32,7,0,0,20,2025-03-21 04:51:57
12657,2024,SUI.1,3076,200150,30,4,0,0,9,0,0,0,0,2,2,2,0,0,47,2024-06-19 02:51:37
12657,2024,SUI.1,20996,200150,10,6,2,4,1,0,0,0,0,3,4,0,0,0,11,2025-02-18 05:45:27
12657,2024,SUI.1,21538,200334,3,1,7,0,0,0,0,0,0,0,0,0,0,0,10,2025-03-21 04:51:58
12657,2024,SUI.1,7672,200759,0,0,0,0,0,0,0,0,0,0,0,0,0,0,0,2024-06-19 02:51:33
12657,2024,SUI.1,492,201375,1,0,0,0,1,0,0,0,0,0,0,0,0,4,1,2025-03-21 04:51:56
12657,2024,SUI.1,989,202100,21,13,14,7,0,1,0,4,0,12,31,5,0,0,10,2025-03-21 04:51:55
12657,2024,SUI.1,989,202179,4,2,1,5,0,0,0,0,0,4,6,1,0,0,3,2025-01-14 05:29:52
12657,2024,SUI.1,3076,202179,14,6,6,18,1,0,1,2,0,13,26,6,0,0,19,2025-03-21 04:51:55
12657,2024,SUI.1,3076,202673,16,5,8,14,1,0,0,1,0,10,29,2,0,0,20,2025-03-21 04:51:55
12657,2024,SUI.1,2722,205137,14,3,23,6,2,1,0,0,0,2,7,0,0,0,11,2025-03-21 04:51:58
12657,2024,SUI.1,492,207544,19,5,9,9,3,0,0,0,0,3,10,0,0,0,19,2025-03-21 04:51:56
12657,2024,SUI.1,2722,210140,5,1,0,0,0,0,0,0,0,0,0,0,0,0,1,2024-06-19 02:51:36
12657,2024,SUI.1,20032,212534,13,3,7,2,3,0,0,0,0,1,6,0,0,0,15,2025-03-21 04:51:57
12657,2024,SUI.1,989,212790,18,10,0,0,2,0,0,0,0,2,2,2,0,0,14,2024-06-19 02:51:33
12657,2024,SUI.1,2722,213101,9,1,3,13,1,0,0,0,0,3,12,2,0,0,5,2025-03-21 04:51:58
12657,2024,SUI.1,21538,214201,28,0,0,8,2,0,0,0,0,0,2,0,0,112,46,2025-03-21 04:51:58
12657,2024,SUI.1,20996,214560,2,2,0,0,0,0,0,0,0,0,0,0,0,0,2,2024-06-19 02:51:31
12657,2024,SUI.1,20996,214561,21,6,21,13,3,0,0,1,0,4,13,1,0,0,26,2025-03-21 04:51:57
12657,2024,SUI.1,2722,215358,18,8,14,11,3,0,0,0,0,12,40,5,0,0,16,2025-02-02 14:49:20
12657,2024,SUI.1,557,217526,21,9,7,8,0,0,0,3,0,26,43,5,0,0,15,2025-03-21 04:51:57
12657,2024,SUI.1,7640,218758,3,2,0,0,1,0,0,0,0,0,0,0,0,0,3,2024-06-19 02:51:32
12657,2024,SUI.1,557,218836,20,2,30,26,7,0,0,4,0,16,31,5,0,0,22,2025-03-21 04:51:57
12657,2024,SUI.1,11551,219463,25,2,12,12,4,0,0,5,0,14,35,4,0,0,25,2025-03-21 04:51:56
12657,2024,SUI.1,3019,219503,21,9,12,12,0,0,0,0,0,4,18,0,0,0,16,2025-03-21 04:51:56
12657,2024,SUI.1,557,219562,28,0,0,11,0,0,0,0,0,0,0,0,0,86,40,2025-03-21 04:51:57
12657,2024,SUI.1,3019,220538,18,0,16,12,2,0,0,2,0,4,20,2,0,0,25,2025-01-31 14:47:22
12657,2024,SUI.1,492,222445,22,3,25,28,4,0,0,1,0,9,20,3,0,0,23,2025-03-21 04:51:56
12657,2024,SUI.1,7672,222656,5,3,0,0,1,0,0,0,0,1,1,1,0,0,4,2024-06-19 02:51:33
12657,2024,SUI.1,2722,222715,0,0,0,0,0,0,0,0,0,0,0,0,0,0,0,2025-03-21 04:51:58
12657,2024,SUI.1,7672,223222,11,10,5,5,3,0,0,1,0,1,4,0,0,0,9,2025-03-21 04:51:55
12657,2024,SUI.1,3076,223234,30,3,0,0,6,0,0,0,0,2,2,2,0,0,51,2024-06-19 02:51:37
12657,2024,SUI.1,7672,223234,26,5,11,10,4,0,0,2,0,8,19,6,0,0,26,2025-03-21 04:51:55
12657,2024,SUI.1,2722,223256,20,2,11,7,2,1,0,1,0,0,10,0,0,0,22,2025-03-21 04:51:58
12657,2024,SUI.1,21926,223374,3,1,0,0,1,0,0,0,0,0,0,0,0,0,9,2024-07-13 02:54:13
12657,2024,SUI.1,3076,223496,11,5,11,15,2,0,0,1,0,4,10,1,0,0,13,2025-03-21 04:51:55
12657,2024,SUI.1,557,223765,6,6,0,0,2,0,0,0,0,0,0,0,0,0,1,2024-06-19 02:51:36
12657,2024,SUI.1,557,223943,3,3,0,0,0,0,0,0,0,0,0,0,0,0,1,2024-06-19 02:51:36
12657,2024,SUI.1,7640,223993,27,0,34,32,4,0,0,5,0,6,33,2,0,0,41,2025-03-21 04:51:55
12657,2024,SUI.1,492,224713,5,0,0,0,1,0,0,0,0,0,0,0,0,0,8,2024-06-19 02:51:35
12657,2024,SUI.1,3076,225129,29,8,0,0,5,1,0,0,0,1,1,1,0,0,38,2024-06-19 02:51:37
12657,2024,SUI.1,20032,225556,25,0,29,13,6,1,0,5,0,12,43,2,0,0,29,2025-03-21 04:51:57
12657,2024,SUI.1,21538,228403,4,0,0,0,0,0,0,0,0,0,0,0,0,0,7,2024-06-19 02:51:34
12657,2024,SUI.1,492,228414,3,0,0,0,0,0,0,0,0,0,0,0,0,0,3,2024-06-19 02:51:35
12657,2024,SUI.1,557,228737,14,5,0,0,2,0,0,0,0,0,0,0,0,0,9,2024-06-19 02:51:36
12657,2024,SUI.1,20996,229038,26,2,16,12,3,1,0,1,0,3,15,1,0,0,47,2025-03-21 04:51:57
12657,2024,SUI.1,20996,229853,7,1,0,3,0,0,0,0,0,0,0,0,0,26,10,2025-03-21 04:51:57
12657,2024,SUI.1,2722,232492,15,5,19,6,2,0,0,1,0,6,20,0,0,0,18,2025-02-03 14:49:43
12657,2024,SUI.1,21538,232545,9,4,0,0,1,0,0,0,0,0,0,0,0,0,12,2024-06-19 02:51:34
12657,2024,SUI.1,7672,233688,16,7,13,11,3,0,0,4,0,1,9,0,0,0,22,2025-03-21 04:51:55
12657,2024,SUI.1,20996,233876,2,0,1,0,0,0,0,0,0,0,1,0,0,0,3,2024-08-09 08:48:22
12657,2024,SUI.1,2722,234153,24,10,40,13,4,0,0,2,0,15,48,4,0,0,18,2025-03-21 04:51:58
12657,2024,SUI.1,20996,234937,0,0,0,0,0,0,0,0,0,0,0,0,0,0,0,2024-06-19 02:51:31
12657,2024,SUI.1,21926,235113,9,2,0,0,3,0,0,0,0,0,0,0,0,0,12,2024-07-13 02:54:13
12657,2024,SUI.1,492,235477,7,6,4,4,0,0,0,0,0,0,2,0,0,0,4,2025-01-07 05:38:22
12657,2024,SUI.1,989,235675,19,5,0,0,2,0,0,0,0,2,2,2,0,0,21,2024-06-19 02:51:33
12657,2024,SUI.1,3019,235722,10,8,5,4,3,0,0,1,0,6,9,1,0,0,6,2025-01-13 05:30:46
12657,2024,SUI.1,20996,236149,12,2,5,1,0,0,0,0,0,1,3,0,0,0,27,2025-03-21 04:51:57
12657,2024,SUI.1,20032,236311,22,0,14,29,6,0,1,4,0,1,12,0,0,0,28,2025-03-21 04:51:57
12657,2024,SUI.1,21538,236574,5,2,3,1,0,0,0,0,0,0,2,0,0,0,7,2025-03-21 04:51:58
12657,2024,SUI.1,20032,237096,5,4,0,0,0,0,0,0,0,0,0,0,0,0,1,2024-06-19 02:51:33
12657,2024,SUI.1,3019,237557,3,2,0,0,1,0,0,0,0,0,0,0,0,0,2,2024-06-19 02:51:34
12657,2024,SUI.1,21926,238444,4,1,0,0,1,0,0,0,0,0,0,0,0,0,8,2024-07-13 02:54:13
12657,2024,SUI.1,20032,238490,27,3,15,30,2,0,0,1,0,41,86,13,0,0,25,2025-03-21 04:51:57
12657,2024,SUI.1,7640,238492,24,1,23,35,8,0,0,0,0,2,6,1,0,0,35,2025-03-21 04:51:55
12657,2024,SUI.1,2722,238502,8,0,9,0,1,0,0,0,0,9,19,4,0,0,4,2025-03-21 04:51:58
12657,2024,SUI.1,21538,238505,0,0,0,0,0,0,0,0,0,0,0,0,0,0,0,2025-03-21 04:51:58
12657,2024,SUI.1,11551,238507,13,3,16,10,2,0,0,2,0,1,7,0,0,0,20,2025-03-21 04:51:56
12657,2024,SUI.1,11551,238510,3,0,0,0,0,0,0,0,0,0,0,0,0,7,6,2025-03-21 04:51:56
12657,2024,SUI.1,7640,238590,26,1,34,15,6,1,0,4,0,3,17,1,0,0,36,2025-03-21 04:51:55
12657,2024,SUI.1,21926,238875,2,0,0,0,0,0,0,0,0,0,0,0,0,0,1,2024-07-13 02:54:13
12657,2024,SUI.1,3076,238879,27,1,14,10,5,0,0,1,0,6,19,2,0,0,40,2025-03-21 04:51:55
12657,2024,SUI.1,11551,238916,25,0,0,5,3,0,0,0,0,0,0,0,0,73,31,2025-03-21 04:51:56
12657,2024,SUI.1,11551,238938,4,2,0,0,0,0,0,0,0,0,0,0,0,0,4,2024-06-19 02:51:32
12657,2024,SUI.1,20032,239916,21,3,8,8,1,0,0,0,0,2,10,0,0,0,27,2025-03-21 04:51:57
12657,2024,SUI.1,7640,240109,28,3,13,21,3,0,0,2,0,9,28,2,0,0,40,2025-03-21 04:51:55
12657,2024,SUI.1,11551,240260,27,0,19,40,1,0,1,1,0,2,9,1,0,0,28,2025-03-21 04:51:56
12657,2024,SUI.1,3019,240368,27,1,39,31,6,0,0,4,0,15,45,4,0,0,32,2025-03-21 04:51:56
12657,2024,SUI.1,20032,240371,4,1,0,0,0,0,0,0,0,0,0,0,0,0,3,2024-06-19 02:51:33
12657,2024,SUI.1,20996,240584,22,3,24,9,4,0,0,0,0,2,18,0,0,0,44,2025-03-21 04:51:57
12657,2024,SUI.1,21538,240625,23,0,26,17,4,0,0,0,0,2,7,1,0,0,36,2025-03-21 04:51:58
12657,2024,SUI.1,21538,242000,1,1,0,0,0,0,0,0,0,0,0,0,0,0,0,2025-03-21 04:51:58
12657,2024,SUI.1,11551,246304,1,0,0,0,0,0,0,0,0,0,0,0,0,0,0,2024-06-19 02:51:32
12657,2024,SUI.1,21926,247021,4,2,0,0,1,0,0,0,0,0,0,0,0,0,4,2024-07-13 02:54:13
12657,2024,SUI.1,2722,248681,26,2,21,26,5,0,0,1,0,15,48,3,0,0,30,2025-03-21 04:51:58
12657,2024,SUI.1,7672,250433,1,1,0,0,0,0,0,0,0,0,0,0,0,0,0,2024-06-19 02:51:33
12657,2024,SUI.1,7672,250856,17,12,9,11,1,0,0,2,0,8,14,1,0,0,14,2025-03-21 04:51:55
12657,2024,SUI.1,492,250866,3,3,1,1,0,0,0,0,0,4,8,0,0,0,0,2025-03-21 04:51:56
12657,2024,SUI.1,557,251490,0,0,0,0,0,0,0,0,0,0,0,0,0,0,0,2025-03-21 04:51:57
12657,2024,SUI.1,11551,252136,3,2,0,0,0,0,1,0,0,0,1,0,0,0,1,2025-03-21 04:51:56
12657,2024,SUI.1,7640,252807,6,4,2,3,0,0,0,0,0,1,2,0,0,0,5,2025-01-14 05:29:53
12657,2024,SUI.1,20996,252807,14,5,20,16,1,0,0,0,0,2,6,0,0,0,13,2025-03-21 04:51:57
12657,2024,SUI.1,21926,255170,1,0,0,0,0,0,0,0,0,0,0,0,0,0,4,2024-07-13 02:54:13
12657,2024,SUI.1,21926,255248,4,0,0,0,0,0,0,0,0,1,1,1,0,0,10,2024-07-13 02:54:13
12657,2024,SUI.1,557,255359,7,2,4,4,0,0,0,0,0,3,11,0,0,0,7,2025-03-21 04:51:57
12657,2024,SUI.1,7640,255773,1,1,0,0,0,0,0,0,0,1,1,1,0,0,0,2024-06-19 02:51:32
12657,2024,SUI.1,11551,255773,27,2,28,36,4,0,0,4,0,22,46,4,0,0,30,2025-03-21 04:51:56
12657,2024,SUI.1,3076,255862,6,1,0,0,0,0,0,0,0,0,0,0,0,0,15,2024-06-19 02:51:37
12657,2024,SUI.1,3076,257049,14,7,7,7,2,0,0,0,0,0,7,0,0,0,10,2025-03-21 04:51:55
12657,2024,SUI.1,492,258270,27,1,25,13,4,0,0,1,0,1,10,0,0,0,36,2025-03-21 04:51:56
12657,2024,SUI.1,7672,258441,4,1,0,0,0,0,0,0,0,0,0,0,0,0,6,2024-06-19 02:51:33
12657,2024,SUI.1,2722,258918,9,2,9,3,1,0,0,0,0,1,2,0,0,0,6,2025-03-21 04:51:58
12657,2024,SUI.1,11551,259023,3,1,0,0,0,0,0,0,0,0,0,0,0,0,1,2024-06-19 02:51:32
12657,2024,SUI.1,7672,259126,22,7,11,11,6,0,0,0,0,1,4,0,0,0,23,2025-03-21 04:51:55
12657,2024,SUI.1,492,259715,19,1,14,20,6,0,0,3,0,16,31,4,0,0,24,2025-03-21 04:51:56
12657,2024,SUI.1,11551,259721,2,1,0,0,0,0,0,0,0,0,0,0,0,0,3,2024-06-19 02:51:32
12657,2024,SUI.1,557,259744,22,2,19,8,1,1,0,2,0,26,56,10,0,0,24,2025-03-21 04:51:57
12657,2024,SUI.1,11551,259820,16,4,10,11,4,0,0,1,0,9,26,1,0,0,18,2025-02-04 05:33:48
12657,2024,SUI.1,557,259901,27,7,19,16,4,0,0,7,0,7,27,1,0,0,31,2025-03-21 04:51:57
12657,2024,SUI.1,989,259903,6,1,0,4,0,0,0,0,0,0,0,0,0,0,3,2025-03-21 04:51:55
12657,2024,SUI.1,3019,259965,1,0,0,0,0,0,0,0,0,0,0,0,0,0,1,2024-06-19 02:51:34
12657,2024,SUI.1,20996,259965,4,1,2,3,1,0,0,1,0,0,2,0,0,0,3,2025-03-21 04:51:57
12657,2024,SUI.1,21926,260061,3,0,0,0,3,0,0,0,0,1,1,1,0,0,6,2024-07-13 02:54:13
12657,2024,SUI.1,3019,260065,17,1,18,6,3,1,0,1,0,5,21,1,0,0,24,2025-03-21 04:51:56
12657,2024,SUI.1,492,260719,2,2,1,2,1,0,0,0,0,0,1,0,0,0,1,2025-01-07 05:38:22
12657,2024,SUI.1,20032,261466,22,15,13,11,1,0,0,2,0,13,28,0,0,0,18,2025-03-21 04:51:57
12657,2024,SUI.1,989,265927,12,7,0,0,0,0,0,0,0,1,1,1,0,0,14,2024-06-19 02:51:33
12657,2024,SUI.1,557,266637,15,4,19,2,4,0,0,0,0,1,6,1,0,0,20,2025-03-21 04:51:57
12657,2024,SUI.1,3019,266937,27,0,29,10,6,0,0,1,0,5,25,1,0,0,37,2025-03-21 04:51:56
12657,2024,SUI.1,7640,267619,13,4,19,13,3,0,0,1,0,1,5,1,0,0,12,2025-03-21 04:51:55
12657,2024,SUI.1,21926,268474,1,1,0,0,0,0,0,0,0,0,0,0,0,0,1,2024-07-13 02:54:13
12657,2024,SUI.1,557,268876,0,0,0,0,0,0,0,0,0,0,0,0,0,0,0,2024-06-19 02:51:36
12657,2024,SUI.1,492,269463,5,3,0,0,0,0,0,0,0,0,0,0,0,0,1,2024-06-19 02:51:35
12657,2024,SUI.1,3019,269588,1,1,0,0,0,0,0,0,0,0,0,0,0,0,0,2025-03-21 04:51:56
12657,2024,SUI.1,557,270295,23,0,17,17,6,0,1,1,0,2,12,0,0,0,30,2025-03-21 04:51:57
12657,2024,SUI.1,557,270860,13,2,14,5,2,0,0,0,0,1,5,0,0,0,16,2025-03-21 04:51:57
12657,2024,SUI.1,7672,271427,3,3,0,1,0,0,0,0,0,0,1,0,0,0,1,2025-03-21 04:51:55
12657,2024,SUI.1,21538,271726,4,3,2,1,0,0,0,0,0,3,4,1,0,0,5,2025-03-21 04:51:58
12657,2024,SUI.1,3019,271902,20,12,10,9,2,1,0,0,0,3,14,2,0,0,12,2025-03-21 04:51:56
12657,2024,SUI.1,7640,272137,28,5,9,28,0,0,0,3,0,27,76,8,0,0,37,2025-03-21 04:51:55
12657,2024,SUI.1,20996,272313,21,4,17,29,2,2,0,1,0,0,3,0,0,0,34,2025-03-21 04:51:57
12657,2024,SUI.1,2722,273303,1,0,0,0,0,0,0,0,0,0,0,0,0,0,0,2024-06-19 02:51:36
12657,2024,SUI.1,989,274027,5,4,3,1,1,0,0,0,0,0,0,0,0,0,3,2025-03-21 04:51:55
12657,2024,SUI.1,492,274296,10,3,7,3,1,0,0,0,0,2,6,1,0,0,9,2025-03-21 04:51:56
12657,2024,SUI.1,21538,274394,8,1,15,3,0,1,0,0,0,2,5,0,0,0,8,2025-03-21 04:51:58
12657,2024,SUI.1,3019,274405,1,0,0,0,0,0,0,0,0,0,0,0,0,0,1,2024-06-19 02:51:34
12657,2024,SUI.1,492,274560,10,0,9,13,4,0,0,0,0,5,11,1,0,0,17,2025-01-09 05:41:20
12657,2024,SUI.1,557,274666,0,0,0,0,0,0,0,0,0,0,0,0,0,0,0,2024-06-19 02:51:36
12657,2024,SUI.1,20996,274666,5,5,3,2,1,0,0,0,0,0,3,0,0,0,3,2025-03-21 04:51:57
12657,2024,SUI.1,7640,274682,18,13,11,6,3,0,0,2,0,2,11,0,0,0,8,2025-03-21 04:51:55
12657,2024,SUI.1,7672,274869,6,6,0,0,0,1,0,0,0,0,0,0,0,0,1,2024-06-19 02:51:33
12657,2024,SUI.1,557,274923,18,2,15,8,5,0,0,0,0,2,7,2,0,0,23,2025-03-21 04:51:57
12657,2024,SUI.1,21926,274999,4,2,0,0,0,0,0,0,0,2,2,2,0,0,4,2024-07-13 02:54:13
12657,2024,SUI.1,7640,275001,3,2,0,0,0,0,0,0,0,1,1,1,0,0,3,2024-06-19 02:51:32
12657,2024,SUI.1,3076,275007,7,3,0,0,1,0,0,0,0,1,1,1,0,0,8,2024-06-19 02:51:37
12657,2024,SUI.1,3076,275009,23,4,25,19,3,0,0,0,0,2,10,0,0,0,31,2025-03-21 04:51:55
12657,2024,SUI.1,3076,275012,13,8,4,4,1,0,0,0,0,0,7,0,0,0,12,2025-03-21 04:51:55
12657,2024,SUI.1,3019,275016,24,3,20,14,1,0,0,5,0,6,24,4,0,0,27,2025-03-21 04:51:56
12657,2024,SUI.1,21538,275402,11,10,0,0,0,0,0,0,0,1,1,1,0,0,6,2024-06-19 02:51:34
12657,2024,SUI.1,557,275426,1,1,0,0,1,0,0,0,0,0,0,0,0,0,0,2024-06-19 02:51:36
12657,2024,SUI.1,20032,275426,15,9,5,8,1,0,0,1,0,1,9,0,0,0,12,2025-03-21 04:51:57
12657,2024,SUI.1,20032,275448,5,3,0,0,0,0,0,0,0,0,0,0,0,0,0,2024-06-19 02:51:33
12657,2024,SUI.1,2722,275774,0,0,0,0,0,0,0,0,0,0,0,0,0,0,0,2025-02-03 14:49:43
12657,2024,SUI.1,7640,275826,0,0,0,0,0,0,0,0,0,0,0,0,0,0,0,2025-03-21 04:51:55
12657,2024,SUI.1,3019,275829,0,0,0,0,1,0,0,0,0,0,0,0,0,0,0,2025-03-21 04:51:56
12657,2024,SUI.1,7672,276055,15,6,3,14,0,0,0,2,0,15,33,6,0,0,7,2025-03-21 04:51:55
12657,2024,SUI.1,21538,276148,2,0,0,3,0,0,0,0,0,0,1,0,0,0,3,2024-08-16 08:48:35
12657,2024,SUI.1,492,276330,1,1,0,0,0,0,0,0,0,0,0,0,0,0,1,2024-06-19 02:51:35
12657,2024,SUI.1,3076,276377,0,0,0,0,0,0,0,0,0,0,0,0,0,0,0,2024-06-19 02:51:37
12657,2024,SUI.1,20032,277095,18,3,17,21,0,1,0,0,0,4,14,1,0,0,24,2025-03-21 04:51:57
12657,2024,SUI.1,557,277513,18,0,21,12,5,1,0,0,0,1,4,0,0,0,22,2025-03-21 04:51:57
12657,2024,SUI.1,492,278517,16,13,10,10,2,0,0,1,0,7,18,2,0,0,7,2025-03-21 04:51:56
12657,2024,SUI.1,20996,278645,21,7,9,23,2,1,0,3,0,14,31,5,0,0,25,2025-02-26 05:45:43
12657,2024,SUI.1,21926,279781,0,0,0,0,0,0,0,0,0,0,0,0,0,0,0,2024-07-13 02:54:13
12657,2024,SUI.1,7672,279948,5,2,0,0,0,0,0,0,0,1,1,1,0,0,4,2024-06-19 02:51:33
12657,2024,SUI.1,11551,280561,12,11,0,0,0,0,0,0,0,1,1,1,0,0,2,2024-06-19 02:51:32
12657,2024,SUI.1,3076,281268,27,4,0,0,2,0,0,0,0,4,4,4,0,0,30,2024-06-19 02:51:37
12657,2024,SUI.1,7672,282483,14,3,5,5,2,0,0,1,0,1,3,0,0,0,16,2025-03-21 04:51:55
12657,2024,SUI.1,11551,282674,17,6,11,2,4,0,0,0,0,2,10,1,0,0,19,2025-03-21 04:51:56
12657,2024,SUI.1,3076,282757,26,0,2,3,3,1,0,1,0,0,0,0,0,68,41,2025-03-21 04:51:55
12657,2024,SUI.1,20996,283197,1,1,2,0,1,0,0,0,0,0,0,0,0,0,0,2025-03-21 04:51:57
12657,2024,SUI.1,7640,283349,16,8,7,19,0,0,0,2,0,13,23,3,0,0,10,2025-03-21 04:51:55
12657,2024,SUI.1,3076,283802,27,3,27,37,4,0,0,2,0,18,56,5,0,0,33,2025-03-21 04:51:55
12657,2024,SUI.1,21926,283971,3,3,0,0,0,0,0,0,0,0,0,0,0,0,2,2024-07-13 02:54:13
12657,2024,SUI.1,7640,284201,9,4,5,0,2,0,1,0,0,0,1,0,0,0,13,2025-03-21 04:51:55
12657,2024,SUI.1,557,284245,7,6,3,2,1,0,0,0,0,0,3,0,0,0,1,2025-02-16 05:45:58
12657,2024,SUI.1,2722,284592,14,4,16,8,3,1,0,0,0,5,9,0,0,0,16,2025-01-31 14:47:24
12657,2024,SUI.1,3076,284859,16,15,2,3,0,0,0,1,0,4,9,1,0,0,6,2025-01-24 05:39:51
12657,2024,SUI.1,989,285245,1,1,0,0,0,0,0,0,0,0,0,0,0,0,0,2024-08-30 04:54:08
12657,2024,SUI.1,557,285975,20,12,10,13,0,0,0,4,0,7,16,3,0,0,11,2025-03-21 04:51:57
12657,2024,SUI.1,989,286120,27,5,37,27,7,0,0,2,0,11,37,2,0,0,24,2025-03-21 04:51:55
12657,2024,SUI.1,3019,286180,10,6,5,7,1,0,0,1,0,3,7,0,0,0,8,2025-03-21 04:51:56
12657,2024,SUI.1,21538,286556,20,5,19,36,2,1,0,2,0,6,16,1,0,0,17,2025-03-21 04:51:58
12657,2024,SUI.1,2722,287077,22,14,11,8,3,0,0,3,0,10,30,2,0,0,7,2025-03-21 04:51:58
12657,2024,SUI.1,11551,287080,3,2,0,0,0,0,0,0,0,0,0,0,0,0,2,2024-06-19 02:51:32
12657,2024,SUI.1,21538,287080,4,1,1,2,0,0,0,0,0,0,0,0,0,0,6,2025-02-06 05:42:45
12657,2024,SUI.1,3019,287434,4,1,0,0,2,0,0,0,0,1,1,1,0,0,2,2024-06-19 02:51:34
12657,2024,SUI.1,11551,287498,19,15,10,17,2,0,0,1,0,2,18,0,0,0,6,2025-03-21 04:51:56
12657,2024,SUI.1,21538,288186,7,1,2,5,0,0,0,1,0,1,5,0,0,0,7,2025-01-22 05:36:08
12657,2024,SUI.1,7672,288729,27,0,3,0,3,0,0,0,0,0,0,0,0,84,39,2025-03-21 04:51:55
12657,2024,SUI.1,3076,288769,2,2,0,0,0,0,0,0,0,0,0,0,0,0,0,2024-06-19 02:51:37
12657,2024,SUI.1,11551,288867,21,5,19,17,5,0,0,0,0,0,2,0,0,0,20,2025-03-21 04:51:56
12657,2024,SUI.1,21538,288868,12,6,11,14,3,0,0,1,0,3,15,0,0,0,15,2025-03-21 04:51:58
12657,2024,SUI.1,989,288898,15,6,10,20,1,1,0,0,0,1,14,1,0,0,7,2025-03-21 04:51:55
12657,2024,SUI.1,11551,288920,22,10,17,18,5,0,0,2,0,5,16,1,0,0,14,2025-03-21 04:51:56
12657,2024,SUI.1,3076,289368,26,0,0,0,4,0,0,0,0,0,0,0,0,0,47,2024-06-19 02:51:37
12657,2024,SUI.1,21538,289525,21,3,34,21,8,0,1,1,0,8,21,6,0,0,20,2025-03-21 04:51:58
12657,2024,SUI.1,2722,289527,19,14,6,22,2,0,0,1,0,2,19,1,0,0,4,2025-03-21 04:51:58
12657,2024,SUI.1,989,289745,9,5,7,5,1,0,0,1,0,11,18,3,0,0,7,2025-03-21 04:51:55
12657,2024,SUI.1,21538,289825,8,0,13,11,4,0,0,0,0,1,1,0,0,0,10,2025-03-21 04:51:58
12657,2024,SUI.1,557,289983,5,4,1,2,1,0,0,0,0,0,2,0,0,0,2,2025-03-21 04:51:57
12657,2024,SUI.1,492,290127,5,3,1,2,0,0,0,1,0,0,1,0,0,0,7,2025-01-07 05:38:22
12657,2024,SUI.1,2722,290139,18,6,11,17,2,0,0,2,0,10,23,4,0,0,20,2025-03-21 04:51:58
12657,2024,SUI.1,20032,290184,15,2,19,27,2,0,0,2,0,11,27,2,0,0,9,2025-03-21 04:51:57
12657,2024,SUI.1,21538,290188,27,0,24,15,6,0,1,1,0,0,4,0,0,0,45,2025-03-21 04:51:58
12657,2024,SUI.1,989,290227,11,5,0,0,2,0,0,0,0,0,0,0,0,0,11,2024-06-19 02:51:33
12657,2024,SUI.1,557,290578,21,0,26,27,4,1,0,1,0,6,17,0,0,0,27,2025-03-21 04:51:57
12657,2024,SUI.1,21538,291677,25,3,18,35,3,0,0,2,0,21,40,5,0,0,31,2025-03-21 04:51:58
12657,2024,SUI.1,7672,291966,22,3,27,16,8,0,0,0,0,4,23,1,0,0,26,2025-03-21 04:51:55
12657,2024,SUI.1,20996,292924,28,3,9,31,0,0,0,1,0,20,54,6,0,0,52,2025-03-21 04:51:57
12657,2024,SUI.1,3019,293915,22,1,40,38,5,2,0,1,0,20,48,7,0,0,26,2025-03-21 04:51:56
12657,2024,SUI.1,21538,294277,4,1,0,0,0,0,0,0,0,0,0,0,0,0,2,2024-06-19 02:51:34
12657,2024,SUI.1,7672,296504,0,0,0,0,0,0,0,0,0,0,0,0,0,0,0,2024-06-19 02:51:33
12657,2024,SUI.1,3019,296553,17,6,32,22,2,0,0,1,0,5,16,1,0,0,12,2025-03-21 04:51:56
12657,2024,SUI.1,21538,296763,6,6,0,0,1,0,0,1,0,2,3,0,0,0,3,2025-01-14 05:29:56
12657,2024,SUI.1,11551,297335,9,5,5,5,1,0,0,0,0,5,13,1,0,0,8,2025-03-21 04:51:56
12657,2024,SUI.1,21538,298637,0,0,0,0,0,0,0,0,0,0,0,0,0,0,0,2024-08-01 08:30:10
12657,2024,SUI.1,7672,299861,24,7,30,10,0,1,0,0,0,11,33,4,0,0,17,2025-03-21 04:51:55
12657,2024,SUI.1,21538,300092,0,0,0,0,0,0,0,0,0,0,0,0,0,0,0,2024-06-19 02:51:34
12657,2024,SUI.1,989,300333,3,0,1,1,1,0,0,0,0,0,0,0,0,0,4,2025-02-01 14:49:09
12657,2024,SUI.1,989,301166,3,0,3,6,0,0,0,0,0,7,15,5,0,0,3,2024-08-21 04:52:48
12657,2024,SUI.1,7640,302073,2,2,2,0,0,0,0,0,0,0,2,0,0,0,0,2025-03-21 04:51:55
12657,2024,SUI.1,21538,302241,2,1,0,0,1,0,0,0,0,0,0,0,0,0,4,2024-06-19 02:51:34
12657,2024,SUI.1,989,303283,0,0,0,0,0,0,0,0,0,0,0,0,0,0,0,2024-06-19 02:51:33
12657,2024,SUI.1,20032,303578,0,0,0,0,0,0,0,0,0,0,0,0,0,0,0,2025-01-26 05:38:55
12657,2024,SUI.1,21538,303727,20,1,27,16,6,1,0,0,0,1,6,0,0,0,25,2025-03-21 04:51:58
12657,2024,SUI.1,11551,303751,25,2,21,17,1,0,0,1,0,11,31,0,0,0,25,2025-03-21 04:51:56
12657,2024,SUI.1,989,303965,10,3,6,7,4,0,0,0,0,0,1,0,0,0,8,2025-03-21 04:51:55
12657,2024,SUI.1,7640,303973,4,0,0,0,1,0,0,0,0,0,0,0,0,0,5,2024-06-19 02:51:32
12657,2024,SUI.1,989,304151,25,5,38,32,4,0,0,0,0,31,82,10,0,0,23,2025-03-21 04:51:55
12657,2024,SUI.1,21538,304151,3,1,6,7,0,0,0,0,0,3,13,1,0,0,4,2024-08-23 04:49:16
12657,2024,SUI.1,21538,304205,13,11,11,6,0,0,0,0,0,2,6,2,0,0,5,2025-03-21 04:51:58
12657,2024,SUI.1,21926,304214,3,0,0,0,1,1,0,0,0,1,1,1,0,0,9,2024-07-13 02:54:13
12657,2024,SUI.1,3019,304225,3,1,0,0,2,0,0,0,0,1,1,1,0,0,2,2024-06-19 02:51:34
12657,2024,SUI.1,3019,304229,4,2,3,3,1,0,0,0,0,0,2,0,0,0,4,2024-09-05 04:57:16
12657,2024,SUI.1,7640,304259,24,6,8,29,2,0,0,1,0,5,13,1,0,0,25,2025-03-21 04:51:55
12657,2024,SUI.1,11551,304314,27,12,13,15,0,0,0,2,0,17,35,5,0,0,18,2025-03-21 04:51:56
12657,2024,SUI.1,21926,304314,4,1,0,0,0,0,0,0,0,0,1,0,0,0,7,2024-07-13 02:54:13
12657,2024,SUI.1,7672,304317,10,4,5,4,2,0,0,0,0,9,17,4,0,0,9,2025-03-21 04:51:55
12657,2024,SUI.1,557,304685,21,6,19,18,2,0,0,0,0,2,15,0,0,0,25,2025-03-21 04:51:57
12657,2024,SUI.1,2722,304743,22,10,17,10,1,0,0,2,0,11,22,2,0,0,15,2025-03-21 04:51:58
12657,2024,SUI.1,557,304809,1,1,0,0,0,0,0,0,0,0,0,0,0,0,0,2024-06-19 02:51:36
12657,2024,SUI.1,3076,304810,20,13,8,14,0,0,0,0,0,5,14,2,0,0,11,2025-03-21 04:51:55
12657,2024,SUI.1,492,305459,20,3,19,1,3,0,0,0,0,4,13,0,0,0,23,2025-03-21 04:51:56
12657,2024,SUI.1,7672,305659,24,10,14,18,4,0,0,4,0,10,31,3,0,0,19,2025-03-21 04:51:55
12657,2024,SUI.1,21538,305829,26,6,36,40,4,0,0,0,0,9,30,3,0,0,26,2025-03-21 04:51:58
12657,2024,SUI.1,2722,306033,25,6,20,31,4,1,0,2,0,4,26,1,0,0,21,2025-03-21 04:51:58
12657,2024,SUI.1,11551,306297,26,14,19,26,4,0,0,4,0,8,25,4,0,0,21,2025-03-21 04:51:56
12657,2024,SUI.1,3076,306378,18,0,11,15,3,0,0,0,0,5,8,3,0,0,20,2025-01-13 05:30:46
12657,2024,SUI.1,557,307242,4,0,1,3,0,0,0,1,0,2,3,1,0,0,4,2024-08-30 04:54:10
12657,2024,SUI.1,21926,307244,0,0,0,0,0,0,0,0,0,0,0,0,0,0,0,2024-07-13 02:54:13
12657,2024,SUI.1,20996,307245,16,8,14,15,1,0,0,1,0,5,16,0,0,0,21,2025-03-21 04:51:57
12657,2024,SUI.1,7672,307248,1,0,0,0,0,0,0,0,0,0,0,0,0,3,1,2025-03-21 04:51:55
12657,2024,SUI.1,7672,307567,21,1,26,26,8,0,0,0,0,3,19,1,0,0,28,2025-03-21 04:51:55
12657,2024,SUI.1,2722,307893,26,4,38,21,0,1,0,2,0,20,42,7,0,0,27,2025-03-21 04:51:58
12657,2024,SUI.1,20996,308452,7,5,3,2,0,0,0,0,0,0,0,0,0,0,5,2025-03-21 04:51:57
12657,2024,SUI.1,20032,308777,27,0,25,52,3,0,0,2,0,5,19,1,0,0,38,2025-03-21 04:51:57
12657,2024,SUI.1,7672,308847,25,10,8,18,4,0,0,1,0,1,9,0,0,0,28,2025-03-21 04:51:55
12657,2024,SUI.1,11551,309638,5,1,5,10,2,1,0,0,0,0,3,0,0,0,6,2025-03-21 04:51:56
12657,2024,SUI.1,11551,310194,28,1,37,62,3,0,0,4,0,29,79,12,0,0,32,2025-03-21 04:51:56
12657,2024,SUI.1,557,310291,1,1,0,0,0,0,0,0,0,0,1,0,0,0,0,2024-08-15 08:44:40
12657,2024,SUI.1,20996,310705,8,5,4,13,2,0,0,0,0,1,5,0,0,0,7,2025-01-14 05:29:55
12657,2024,SUI.1,21926,311004,2,1,0,0,0,0,0,0,0,0,0,0,0,0,2,2024-07-13 02:54:13
12657,2024,SUI.1,20032,312399,14,11,11,9,1,0,0,1,0,6,13,1,0,0,9,2025-01-26 05:38:55
12657,2024,SUI.1,989,312850,26,4,25,35,3,1,0,5,0,24,53,7,0,0,16,2025-03-21 04:51:55
12657,2024,SUI.1,20996,312894,12,4,6,14,0,0,0,2,0,6,16,2,0,0,16,2025-03-21 04:51:57
12657,2024,SUI.1,3076,313093,28,5,9,11,1,0,0,5,0,12,31,3,0,0,31,2025-03-21 04:51:55
12657,2024,SUI.1,3019,313950,3,2,0,1,0,0,0,0,0,0,1,0,0,0,1,2025-03-21 04:51:56
12657,2024,SUI.1,20996,314373,18,13,12,7,5,0,0,1,0,4,16,0,0,0,16,2025-03-21 04:51:57
12657,2024,SUI.1,989,314802,1,1,0,0,0,0,0,0,0,0,0,0,0,0,0,2024-06-19 02:51:33
12657,2024,SUI.1,989,314847,3,2,0,1,0,0,0,0,0,0,0,0,0,0,1,2025-03-21 04:51:55
12657,2024,SUI.1,21926,317473,3,0,0,0,2,0,0,0,0,0,0,0,0,0,8,2024-07-13 02:54:13
12657,2024,SUI.1,492,317872,25,17,32,15,1,0,0,0,0,19,34,6,0,0,21,2025-03-21 04:51:56
12657,2024,SUI.1,492,318778,26,4,27,8,2,0,0,0,0,3,14,1,0,0,30,2025-03-21 04:51:56
12657,2024,SUI.1,2722,318778,5,3,2,4,0,0,0,0,0,0,3,0,0,0,5,2024-09-02 01:20:30
12657,2024,SUI.1,2722,319399,9,3,11,0,2,0,0,1,0,2,3,0,0,0,11,2025-02-10 05:45:20
12657,2024,SUI.1,21926,319400,4,1,0,0,0,0,0,0,0,0,0,0,0,0,7,2024-07-13 02:54:13
12657,2024,SUI.1,557,319403,0,0,0,0,0,0,0,0,0,0,0,0,0,0,0,2024-06-19 02:51:36
12657,2024,SUI.1,2722,319404,3,0,0,0,0,0,0,0,0,0,0,0,0,0,2,2024-06-19 02:51:36
12657,2024,SUI.1,7672,319631,24,9,18,10,2,0,0,2,0,12,31,0,0,0,19,2025-03-21 04:51:55
12657,2024,SUI.1,2722,320006,3,2,1,0,0,0,0,0,0,1,3,0,0,0,0,2024-08-29 04:56:50
12657,2024,SUI.1,7640,320006,22,3,16,24,5,0,0,3,0,17,47,7,0,0,26,2025-03-21 04:51:55
12657,2024,SUI.1,11551,320006,1,1,0,0,0,0,0,0,0,0,0,0,0,0,0,2024-06-19 02:51:32
12657,2024,SUI.1,21926,320008,4,0,0,0,0,0,0,0,0,0,0,0,0,0,10,2024-07-13 02:54:13
12657,2024,SUI.1,492,320684,0,0,0,0,0,0,0,0,0,0,0,0,0,0,0,2024-06-19 02:51:35
12657,2024,SUI.1,492,320851,7,7,4,2,0,0,0,0,0,0,1,0,0,0,6,2025-03-21 04:51:56
12657,2024,SUI.1,20996,320854,24,8,21,22,3,0,0,3,0,9,18,1,0,0,26,2025-03-21 04:51:57
12657,2024,SUI.1,557,320983,28,3,28,26,4,0,0,7,0,16,44,7,0,0,29,2025-03-21 04:51:57
12657,2024,SUI.1,3019,321096,6,6,5,0,1,0,0,0,0,1,4,1,0,0,2,2025-03-21 04:51:56
12657,2024,SUI.1,557,321205,22,18,5,20,1,0,0,0,0,2,6,0,0,0,13,2025-03-21 04:51:57
12657,2024,SUI.1,3076,321206,7,0,6,12,2,0,2,0,0,2,3,1,0,0,15,2025-03-21 04:51:55
12657,2024,SUI.1,7672,321206,1,1,0,0,0,0,0,0,0,0,0,0,0,0,0,2024-06-19 02:51:33
12657,2024,SUI.1,7640,321207,24,15,21,10,4,0,1,3,0,5,11,1,0,0,25,2025-03-21 04:51:55
12657,2024,SUI.1,7640,321208,28,0,0,5,2,0,0,0,0,0,0,0,0,78,42,2025-03-21 04:51:55
12657,2024,SUI.1,3019,322056,10,5,3,5,0,0,0,0,0,0,0,0,0,0,8,2025-02-03 14:49:41
12657,2024,SUI.1,20996,322156,17,8,12,15,2,0,0,1,0,6,13,2,0,0,15,2025-03-21 04:51:57
12657,2024,SUI.1,989,322209,27,0,19,14,5,0,1,0,0,3,10,1,0,0,28,2025-03-21 04:51:55
12657,2024,SUI.1,21538,322288,20,0,25,18,4,0,0,1,0,3,10,1,0,0,23,2025-03-21 04:51:58
12657,2024,SUI.1,20032,322491,6,4,3,2,0,0,0,0,0,3,6,3,0,0,1,2025-03-21 04:51:57
12657,2024,SUI.1,11551,322795,4,1,0,0,0,0,0,0,0,0,0,0,0,0,4,2024-06-19 02:51:32
12657,2024,SUI.1,7672,323107,0,0,0,0,0,0,0,0,0,0,0,0,0,0,0,2025-03-21 04:51:55
12657,2024,SUI.1,557,323117,5,0,0,0,2,0,0,0,0,1,1,1,0,0,7,2024-06-19 02:51:36
12657,2024,SUI.1,7672,323117,18,2,31,53,5,0,0,3,0,9,19,0,0,0,22,2025-03-21 04:51:55
12657,2024,SUI.1,989,323272,21,4,19,15,6,0,0,1,0,2,8,1,0,0,19,2025-03-21 04:51:55
12657,2024,SUI.1,3076,323752,14,7,8,11,0,0,0,3,0,3,12,0,0,0,5,2025-03-21 04:51:55
12657,2024,SUI.1,20032,323755,2,2,0,0,0,0,0,0,0,0,1,0,0,0,1,2025-01-14 05:29:54
12657,2024,SUI.1,492,323791,0,0,0,0,0,0,0,0,0,0,0,0,0,0,0,2025-01-14 05:29:54
12657,2024,SUI.1,7672,323792,1,0,0,0,0,0,0,0,0,0,0,0,0,0,2,2024-06-19 02:51:33
12657,2024,SUI.1,3019,323813,19,8,10,21,3,0,0,0,0,6,11,0,0,0,19,2025-03-21 04:51:56
12657,2024,SUI.1,20032,324239,0,0,0,0,0,0,0,0,0,0,0,0,0,0,0,2025-03-21 04:51:57
12657,2024,SUI.1,21538,324296,4,3,0,5,0,0,0,0,0,0,1,0,0,0,2,2025-03-21 04:51:58
12657,2024,SUI.1,11551,324318,13,13,5,3,1,0,0,0,0,0,2,0,0,0,8,2025-03-21 04:51:56
12657,2024,SUI.1,7640,324546,2,2,0,0,0,0,0,0,0,0,0,0,0,0,1,2024-06-19 02:51:32
12657,2024,SUI.1,2722,324657,10,2,6,3,2,1,0,0,0,0,4,0,0,0,12,2025-03-21 04:51:58
12657,2024,SUI.1,3076,324702,9,2,7,2,3,0,0,0,0,1,5,0,0,0,8,2025-03-21 04:51:55
12657,2024,SUI.1,492,324710,4,1,0,0,0,0,0,0,0,1,1,1,0,0,3,2024-06-19 02:51:35
12657,2024,SUI.1,11551,324712,23,1,18,13,6,1,0,0,0,5,16,1,0,0,21,2025-03-21 04:51:56
12657,2024,SUI.1,2722,324932,4,3,0,0,0,0,0,0,0,0,0,0,0,0,0,2024-06-19 02:51:36
12657,2024,SUI.1,3019,326184,6,4,3,5,2,0,0,0,0,1,3,0,0,0,2,2025-03-21 04:51:56
12657,2024,SUI.1,21538,326214,3,0,0,0,0,0,0,0,0,0,2,0,0,0,3,2025-01-02 05:42:37
12657,2024,SUI.1,3019,326640,4,3,5,0,3,0,0,0,0,0,0,0,0,0,0,2025-03-21 04:51:56
12657,2024,SUI.1,492,326765,27,0,0,2,4,0,0,0,0,0,1,0,0,97,38,2025-03-21 04:51:56
12657,2024,SUI.1,20996,326766,3,0,0,0,1,0,0,0,0,0,0,0,0,0,7,2024-06-19 02:51:31
12657,2024,SUI.1,3076,327663,19,17,0,0,1,0,0,0,0,0,0,0,0,0,8,2024-06-19 02:51:37
12657,2024,SUI.1,3019,328043,16,7,12,20,1,0,0,3,0,6,21,2,0,0,11,2025-03-21 04:51:56
12657,2024,SUI.1,557,328290,23,14,7,18,3,0,0,1,0,2,15,1,0,0,14,2025-03-21 04:51:57
12657,2024,SUI.1,492,328535,10,0,11,17,3,0,0,3,0,4,15,0,0,0,10,2025-03-21 04:51:56
12657,2024,SUI.1,3076,328754,0,0,0,0,0,0,0,0,0,0,0,0,0,0,0,2024-08-01 08:30:08
12657,2024,SUI.1,21538,329178,20,14,0,0,1,0,0,0,0,0,0,0,0,0,21,2024-06-19 02:51:34
12657,2024,SUI.1,492,329480,6,4,0,0,1,0,0,0,0,0,0,0,0,0,3,2024-06-19 02:51:35
12657,2024,SUI.1,492,329736,3,3,2,1,1,0,0,0,0,0,0,0,0,0,1,2025-03-21 04:51:56
12657,2024,SUI.1,989,330409,3,2,0,0,1,0,0,0,0,0,0,0,0,0,0,2024-06-19 02:51:33
12657,2024,SUI.1,21538,330409,17,9,9,6,3,0,0,1,0,0,5,0,0,0,14,2025-03-21 04:51:58
12657,2024,SUI.1,2722,330824,9,6,7,5,1,0,0,0,0,2,3,0,0,0,10,2025-03-21 04:51:58
12657,2024,SUI.1,7640,332574,19,0,18,6,1,0,0,0,0,6,17,3,0,0,27,2025-02-04 05:33:47
12657,2024,SUI.1,11551,333141,2,2,0,1,0,0,0,0,0,0,0,0,0,0,1,2025-03-21 04:51:56
12657,2024,SUI.1,989,333318,1,1,0,0,0,0,0,0,0,0,0,0,0,0,0,2025-01-14 05:29:52
12657,2024,SUI.1,2722,333320,21,4,31,20,4,0,0,3,0,0,17,0,0,0,25,2025-03-21 04:51:58
12657,2024,SUI.1,989,333837,26,6,29,30,4,0,0,2,0,13,38,3,0,0,22,2025-03-21 04:51:55
12657,2024,SUI.1,20032,334979,25,12,14,21,2,0,0,0,0,4,11,0,0,0,25,2025-03-21 04:51:57
12657,2024,SUI.1,20032,335910,0,0,0,0,0,0,0,0,0,0,0,0,0,0,0,2024-08-23 04:49:17
12657,2024,SUI.1,2722,335953,0,0,0,0,0,0,0,0,0,0,0,0,0,0,0,2024-08-29 04:56:50
12657,2024,SUI.1,2722,335954,0,0,0,0,0,0,0,0,0,0,0,0,0,0,0,2024-06-19 02:51:36
12657,2024,SUI.1,989,337011,1,1,0,0,0,0,0,0,0,0,0,0,0,0,0,2024-06-19 02:51:33
12657,2024,SUI.1,557,337127,19,13,10,4,1,0,0,2,0,4,17,2,0,0,12,2025-03-21 04:51:57
12657,2024,SUI.1,3019,338125,14,3,9,15,4,0,0,1,0,1,11,0,0,0,15,2025-01-09 05:41:19
12657,2024,SUI.1,557,338260,0,0,0,0,0,0,0,0,0,0,0,0,0,0,0,2024-08-28 04:53:02
12657,2024,SUI.1,3076,338740,6,3,0,0,1,1,0,0,0,0,0,0,0,0,6,2024-06-19 02:51:37
12657,2024,SUI.1,11551,339896,8,6,7,5,1,1,0,0,0,2,7,0,0,0,3,2025-01-14 05:29:54
12657,2024,SUI.1,492,340465,0,0,0,0,0,1,0,0,0,0,0,0,0,0,0,2024-06-19 02:51:35
12657,2024,SUI.1,989,340465,16,14,6,3,1,0,0,1,0,5,12,1,0,0,2,2025-03-21 04:51:55
12657,2024,SUI.1,989,340623,15,8,11,4,2,0,0,0,0,1,5,0,0,0,7,2025-03-21 04:51:55
12657,2024,SUI.1,11551,340684,2,2,0,0,0,0,0,0,0,0,0,0,0,0,0,2024-12-31 05:39:23
12657,2024,SUI.1,3019,341067,1,1,0,0,0,0,0,0,0,0,0,0,0,0,0,2025-03-21 04:51:56
12657,2024,SUI.1,3019,341068,6,5,3,2,0,0,0,0,0,0,2,0,0,0,6,2025-03-21 04:51:56
12657,2024,SUI.1,20032,341326,0,0,0,0,0,0,0,0,0,0,0,0,0,0,0,2024-06-19 02:51:33
12657,2024,SUI.1,21926,341381,0,0,0,0,0,0,0,0,0,0,0,0,0,0,0,2024-07-13 02:54:13
12657,2024,SUI.1,7672,341382,23,5,20,25,6,0,0,2,0,8,33,1,0,0,20,2025-03-21 04:51:55
12657,2024,SUI.1,2722,341446,20,10,17,14,3,0,0,0,0,11,31,0,0,0,10,2025-03-21 04:51:58
12657,2024,SUI.1,989,341627,22,2,14,3,1,0,0,0,0,0,7,0,0,0,24,2025-03-21 04:51:55
12657,2024,SUI.1,2722,341948,11,0,0,2,1,0,0,0,0,0,0,0,0,37,7,2025-03-21 04:51:58
12657,2024,SUI.1,20996,341948,4,0,0,0,0,0,0,0,0,0,0,0,0,0,11,2024-06-19 02:51:31
12657,2024,SUI.1,11551,342003,11,10,3,4,0,0,0,1,0,3,4,2,0,0,1,2025-03-21 04:51:56
12657,2024,SUI.1,20996,342952,4,2,0,0,2,0,0,0,0,0,0,0,0,0,7,2024-06-19 02:51:31
12657,2024,SUI.1,20996,343188,17,1,8,4,2,1,1,0,0,1,7,1,0,0,35,2025-03-21 04:51:57
12657,2024,SUI.1,989,343904,1,0,0,0,0,0,0,0,0,0,0,0,0,0,1,2024-06-19 02:51:33
12657,2024,SUI.1,7640,343906,1,0,2,0,1,0,0,0,0,0,0,0,0,0,1,2024-08-30 04:54:08
12657,2024,SUI.1,557,343907,0,0,0,0,0,0,0,0,0,0,0,0,0,0,0,2025-03-21 04:51:57
12657,2024,SUI.1,7640,343952,26,17,17,34,2,0,0,3,0,11,19,3,0,0,21,2025-03-21 04:51:55
12657,2024,SUI.1,492,345144,1,1,0,0,0,0,0,0,0,0,0,0,0,0,1,2024-06-19 02:51:35
12657,2024,SUI.1,20032,345311,0,0,0,0,0,0,0,0,0,0,0,0,0,0,0,2024-06-19 02:51:33
12657,2024,SUI.1,989,345481,20,16,20,15,1,0,0,1,0,5,18,3,0,0,13,2025-03-21 04:51:55
12657,2024,SUI.1,7640,345933,1,1,0,1,0,0,0,0,0,0,0,0,0,0,0,2024-07-24 11:07:57
12657,2024,SUI.1,21538,346685,1,1,0,0,0,0,0,0,0,0,0,0,0,0,0,2024-09-02 01:20:31
12657,2024,SUI.1,3019,346733,0,0,0,0,0,0,0,0,0,0,0,0,0,0,0,2024-09-02 01:20:28
12657,2024,SUI.1,20996,346733,18,13,2,7,1,0,0,0,0,6,14,3,0,0,18,2025-03-21 04:51:57
12657,2024,SUI.1,557,346753,1,1,0,0,0,0,0,0,0,0,0,0,0,0,0,2024-06-19 02:51:36
12657,2024,SUI.1,20996,349856,0,0,0,0,0,0,0,0,0,0,0,0,0,0,0,2025-03-21 04:51:57
12657,2024,SUI.1,3076,350454,19,1,12,11,2,0,0,0,0,4,12,2,0,0,23,2025-03-21 04:51:55
12657,2024,SUI.1,492,350561,0,0,0,0,0,0,0,0,0,0,0,0,0,0,0,2025-03-21 04:51:56
12657,2024,SUI.1,7672,350782,16,9,12,7,0,0,0,2,0,10,25,3,0,0,11,2025-03-21 04:51:55
12657,2024,SUI.1,7672,352991,0,0,0,0,0,0,0,0,0,0,0,0,0,0,0,2024-06-19 02:51:33
12657,2024,SUI.1,492,353154,0,0,0,0,0,0,0,0,0,0,0,0,0,0,0,2025-03-21 04:51:56
12657,2024,SUI.1,3019,353447,0,0,0,0,0,0,0,0,0,0,0,0,0,0,0,2024-06-19 02:51:34
12657,2024,SUI.1,557,354181,9,4,10,0,2,1,1,0,0,1,5,1,0,0,9,2025-03-21 04:51:57
12657,2024,SUI.1,20032,355998,5,1,4,8,1,0,0,0,0,1,1,0,0,0,4,2025-03-21 04:51:57
12657,2024,SUI.1,3076,356272,25,8,33,41,3,1,0,1,0,8,42,1,0,0,21,2025-03-21 04:51:55
12657,2024,SUI.1,21926,356479,25,12,0,0,5,1,0,0,0,1,1,1,0,0,28,2024-07-13 02:54:13
12657,2024,SUI.1,3019,357418,21,3,18,17,2,0,0,1,0,0,6,0,0,0,17,2025-03-21 04:51:56
12657,2024,SUI.1,7672,357792,1,1,0,0,0,0,0,0,0,0,0,0,0,0,0,2024-06-19 02:51:33
12657,2024,SUI.1,7640,358325,1,1,0,0,0,0,0,0,0,0,0,0,0,0,0,2024-06-19 02:51:32
12657,2024,SUI.1,21538,358915,20,15,9,5,3,0,0,1,0,0,8,0,0,0,12,2025-03-21 04:51:58
12657,2024,SUI.1,2722,360185,0,0,0,0,0,0,0,0,0,0,0,0,0,0,0,2024-08-29 04:56:50
12657,2024,SUI.1,989,360448,10,10,2,2,0,0,0,0,0,1,5,0,0,0,4,2025-03-21 04:51:55
12657,2024,SUI.1,492,360866,7,3,12,2,0,0,0,0,0,0,2,0,0,0,8,2025-03-21 04:51:56
12657,2024,SUI.1,7640,361268,28,11,31,26,1,0,0,4,0,14,32,6,0,0,21,2025-03-21 04:51:55
12657,2024,SUI.1,7640,362049,0,0,0,0,0,0,0,0,0,0,0,0,0,0,0,2024-06-19 02:51:32
12657,2024,SUI.1,492,362197,14,1,21,18,3,0,0,3,0,4,22,2,0,0,11,2025-03-21 04:51:56
12657,2024,SUI.1,492,362290,18,7,18,9,3,0,0,1,0,14,26,2,0,0,13,2025-03-21 04:51:56
12657,2024,SUI.1,3076,362405,0,0,0,0,0,0,0,0,0,0,0,0,0,0,0,2024-06-19 02:51:37
12657,2024,SUI.1,21538,362405,0,0,0,0,0,0,0,0,0,0,0,0,0,0,0,2024-06-19 02:51:34
12657,2024,SUI.1,989,362407,1,1,0,0,0,0,0,0,0,0,0,0,0,0,0,2025-01-14 05:29:52
12657,2024,SUI.1,7640,362408,0,0,0,0,0,0,0,0,0,0,0,0,0,0,0,2024-06-19 02:51:32
12657,2024,SUI.1,3076,362473,0,0,0,0,0,0,0,0,0,0,0,0,0,0,0,2024-06-19 02:51:37
12657,2024,SUI.1,492,362494,0,0,0,0,0,0,0,0,0,0,0,0,0,0,0,2024-06-19 02:51:35
12657,2024,SUI.1,989,362590,26,0,37,12,7,1,0,0,0,3,9,1,0,0,26,2025-03-21 04:51:55
12657,2024,SUI.1,3019,362660,23,14,14,6,1,1,0,2,0,9,18,1,0,0,18,2025-03-21 04:51:56
12657,2024,SUI.1,7640,362758,4,1,2,3,0,0,0,0,0,1,2,0,0,0,4,2025-03-21 04:51:55
12657,2024,SUI.1,989,362774,3,2,1,0,1,0,0,0,0,0,2,0,0,0,3,2025-01-14 05:29:52
12657,2024,SUI.1,3076,362828,0,0,0,0,0,0,0,0,0,0,0,0,0,0,0,2024-06-19 02:51:37
12657,2024,SUI.1,21926,362994,1,1,0,0,0,0,0,0,0,0,0,0,0,0,1,2024-07-13 02:54:13
12657,2024,SUI.1,21926,362995,3,0,0,0,0,0,0,0,0,0,0,0,0,0,6,2024-07-13 02:54:13
12657,2024,SUI.1,21926,362996,2,2,0,0,0,0,0,0,0,0,0,0,0,0,1,2024-07-13 02:54:13
12657,2024,SUI.1,11551,363445,2,2,0,0,0,0,0,0,0,0,0,0,0,0,3,2024-09-01 04:57:56
12657,2024,SUI.1,20996,363580,0,0,0,0,0,0,0,0,0,0,0,0,0,0,0,2025-03-21 04:51:57
12657,2024,SUI.1,21538,364123,2,0,0,0,0,0,0,0,0,0,0,0,0,0,2,2024-06-19 02:51:34
12657,2024,SUI.1,21926,364124,2,2,0,0,0,0,0,0,0,0,0,0,0,0,1,2024-07-13 02:54:13
12657,2024,SUI.1,20032,364126,0,0,0,0,0,0,0,0,0,0,0,0,0,0,0,2024-06-19 02:51:33
12657,2024,SUI.1,7672,364127,17,1,17,12,1,0,0,0,0,2,6,0,0,0,15,2025-03-21 04:51:55
12657,2024,SUI.1,21538,364129,6,4,2,2,0,0,0,0,0,2,5,0,0,0,5,2024-11-30 05:54:14
12657,2024,SUI.1,21538,364130,2,2,0,0,0,0,0,0,0,0,0,0,0,0,0,2024-06-19 02:51:34
12657,2024,SUI.1,492,364133,15,5,24,11,5,0,0,1,0,6,20,1,0,0,8,2025-03-21 04:51:56
12657,2024,SUI.1,21538,364133,2,2,0,0,0,0,0,0,0,0,0,0,0,0,2,2024-06-19 02:51:34
12657,2024,SUI.1,21538,364134,1,1,0,0,0,0,0,0,0,0,0,0,0,0,1,2024-06-19 02:51:34
12657,2024,SUI.1,21538,364136,0,0,0,0,0,0,0,0,0,0,0,0,0,0,0,2024-06-19 02:51:34
12657,2024,SUI.1,2722,364137,0,0,0,0,0,0,0,0,0,0,0,0,0,0,0,2024-06-19 02:51:36
12657,2024,SUI.1,557,364204,5,5,0,3,0,0,0,0,0,2,3,1,0,0,2,2025-01-14 05:29:55
12657,2024,SUI.1,7672,364355,8,2,7,6,1,0,1,0,0,1,2,0,0,0,8,2025-03-21 04:51:55
12657,2024,SUI.1,20032,364356,15,12,11,5,1,0,0,1,0,8,17,0,0,0,10,2025-03-21 04:51:57
12657,2024,SUI.1,20996,364370,16,0,7,12,2,0,0,0,0,4,10,1,0,0,33,2025-03-21 04:51:57
12657,2024,SUI.1,989,365688,9,9,0,0,0,0,0,0,0,0,0,0,0,0,5,2024-06-19 02:51:33
12657,2024,SUI.1,989,365692,2,2,0,0,1,0,0,0,0,0,0,0,0,0,1,2024-06-19 02:51:33
12657,2024,SUI.1,492,365991,3,3,0,0,1,0,0,0,0,0,0,0,0,0,3,2024-06-19 02:51:35
12657,2024,SUI.1,492,365992,0,0,0,0,0,0,0,0,0,0,0,0,0,0,0,2024-06-19 02:51:35
12657,2024,SUI.1,989,366469,0,0,0,0,0,0,0,0,0,0,0,0,0,0,0,2025-03-21 04:51:55
12657,2024,SUI.1,2722,370758,20,9,16,12,4,0,0,1,0,0,9,0,0,0,12,2025-03-21 04:51:58
12657,2024,SUI.1,21538,373580,2,2,3,0,1,0,0,0,0,0,0,0,0,0,1,2025-01-13 05:30:48
12657,2024,SUI.1,20032,373931,0,0,0,0,0,0,0,0,0,0,0,0,0,0,0,2024-06-19 02:51:33
12657,2024,SUI.1,11551,376193,3,1,5,2,2,0,0,0,0,0,0,0,0,0,7,2025-02-18 05:45:26
12657,2024,SUI.1,20032,376667,0,0,0,0,0,0,0,0,0,0,0,0,0,0,0,2024-06-19 02:51:33
12657,2024,SUI.1,7640,377509,0,0,0,0,0,0,0,0,0,0,0,0,0,0,0,2024-06-19 02:51:32
12657,2024,SUI.1,989,377709,0,0,0,0,0,0,0,0,0,0,0,0,0,0,0,2024-06-19 02:51:33
12657,2024,SUI.1,3019,377716,0,0,0,0,0,0,0,0,0,0,0,0,0,0,0,2025-03-21 04:51:56
12657,2024,SUI.1,7640,377716,0,0,0,0,0,0,0,0,0,0,0,0,0,0,0,2024-06-19 02:51:32
12657,2024,SUI.1,7672,377718,1,1,0,0,0,0,0,0,0,0,0,0,0,0,0,2024-06-19 02:51:33
12657,2024,SUI.1,7640,377836,22,7,23,29,2,0,0,3,0,6,12,3,0,0,22,2025-03-21 04:51:55
12657,2024,SUI.1,21538,378204,19,9,16,9,2,1,0,0,0,1,4,0,0,0,25,2025-03-21 04:51:58
12657,2024,SUI.1,989,378294,0,0,0,0,0,0,0,0,0,0,0,0,0,0,0,2024-06-19 02:51:33
12657,2024,SUI.1,7672,378295,0,0,0,0,0,0,0,0,0,0,0,0,0,0,0,2025-03-21 04:51:55
12657,2024,SUI.1,989,378296,0,0,0,0,0,0,0,0,0,0,0,0,0,0,0,2024-06-19 02:51:33
12657,2024,SUI.1,492,378297,0,0,0,0,0,0,0,0,0,0,0,0,0,0,0,2024-06-19 02:51:35
12657,2024,SUI.1,3019,379264,7,7,5,1,1,0,0,0,0,2,5,1,0,0,3,2025-03-21 04:51:56
12657,2024,SUI.1,21926,379319,0,0,0,0,0,0,0,0,0,0,0,0,0,0,0,2024-07-13 02:54:13
12657,2024,SUI.1,2722,379416,0,0,0,0,0,0,0,0,0,0,0,0,0,0,0,2024-06-19 02:51:36
12657,2024,SUI.1,2722,379417,0,0,0,0,0,0,0,0,0,0,0,0,0,0,0,2024-06-19 02:51:36
12657,2024,SUI.1,557,379820,11,6,4,7,0,0,0,0,0,3,8,0,0,0,7,2025-03-21 04:51:57
12657,2024,SUI.1,557,379821,0,0,0,0,0,0,0,0,0,0,0,0,0,0,0,2024-06-19 02:51:36
12657,2024,SUI.1,11551,379843,1,1,0,0,0,0,0,0,0,0,0,0,0,0,0,2025-03-21 04:51:56
12657,2024,SUI.1,3019,380662,9,1,27,5,4,0,0,1,0,5,15,2,0,0,8,2025-03-21 04:51:56
12657,2024,SUI.1,3019,380885,1,1,0,0,0,0,0,0,0,0,0,0,0,0,0,2025-03-21 04:51:56
12657,2024,SUI.1,11551,380919,0,0,0,0,0,0,0,0,0,0,0,0,0,0,0,2024-06-19 02:51:32
12657,2024,SUI.1,2722,381799,1,1,1,0,0,0,0,0,0,0,1,0,0,0,0,2025-01-14 05:29:56
12657,2024,SUI.1,20996,382814,0,0,0,0,0,0,0,0,0,0,0,0,0,0,0,2024-06-19 02:51:31
12657,2024,SUI.1,11551,384449,0,0,0,0,0,0,0,0,0,0,0,0,0,0,0,2024-06-19 02:51:32
12657,2024,SUI.1,11551,384450,1,1,2,0,0,0,0,0,0,0,0,0,0,0,0,2025-03-21 04:51:56
12657,2024,SUI.1,3019,384599,0,0,0,0,0,0,0,0,0,0,0,0,0,0,0,2024-06-19 02:51:34
12657,2024,SUI.1,3076,384673,3,3,0,0,0,0,0,0,0,0,0,0,0,0,2,2025-03-21 04:51:55
12657,2024,SUI.1,3076,385387,0,0,0,0,0,0,0,0,0,0,0,0,0,0,0,2025-03-21 04:51:55
12657,2024,SUI.1,7640,386244,0,0,0,0,0,0,0,0,0,0,0,0,0,0,0,2025-03-21 04:51:55
12657,2024,SUI.1,20996,386245,2,2,0,0,0,0,0,0,0,0,1,0,0,0,1,2025-01-14 05:29:55
12657,2024,SUI.1,3019,386246,0,0,0,0,0,0,0,0,0,0,0,0,0,0,0,2025-03-21 04:51:56
12657,2024,SUI.1,21538,386247,0,0,0,0,0,0,0,0,0,0,0,0,0,0,0,2025-03-21 04:51:58
12657,2024,SUI.1,3076,386248,0,0,0,0,0,0,0,0,0,0,0,0,0,0,0,2025-03-21 04:51:55
12657,2024,SUI.1,3076,386249,0,0,0,0,0,0,0,0,0,0,0,0,0,0,0,2025-03-21 04:51:55
12657,2024,SUI.1,3019,386464,3,3,1,4,0,0,0,0,0,0,0,0,0,0,1,2025-03-21 04:51:56
12657,2024,SUI.1,20032,387346,1,1,2,0,0,0,0,0,0,0,0,0,0,0,1,2025-03-21 04:51:57
12657,2024,SUI.1,11551,387464,0,0,0,0,0,0,0,0,0,0,0,0,0,0,0,2025-03-21 04:51:56
12657,2024,SUI.1,7640,387465,13,3,7,6,1,0,0,0,0,1,8,0,0,0,14,2025-03-21 04:51:55
12657,2024,SUI.1,7640,387466,0,0,0,0,0,0,0,0,0,0,0,0,0,0,0,2025-01-14 05:29:53
12657,2024,SUI.1,21538,387467,4,4,0,2,0,0,0,0,0,0,1,0,0,0,1,2025-03-21 04:51:58
12657,2024,SUI.1,20032,387536,4,2,2,2,0,0,0,0,0,1,1,0,0,0,1,2025-03-21 04:51:57
12657,2024,SUI.1,21538,387548,18,4,26,24,3,0,1,1,0,12,32,4,0,0,21,2025-03-21 04:51:58
12657,2024,SUI.1,11551,387776,0,0,0,0,0,0,0,0,0,0,0,0,0,0,0,2024-10-15 05:10:29
12657,2024,SUI.1,3019,388348,1,1,1,0,0,0,0,0,0,0,0,0,0,0,0,2025-03-21 04:51:56
12657,2024,SUI.1,20032,388350,0,0,0,0,0,0,0,0,0,0,0,0,0,0,0,2025-01-14 05:29:54
12657,2024,SUI.1,492,388811,0,0,0,0,0,0,0,0,0,0,0,0,0,0,0,2025-03-21 04:51:56
12657,2024,SUI.1,21538,389298,0,0,0,0,0,0,0,0,0,0,0,0,0,0,0,2025-01-14 05:29:56
12657,2024,SUI.1,21538,389299,0,0,0,0,0,0,0,0,0,0,0,0,0,0,0,2025-03-21 04:51:58
12657,2024,SUI.1,20996,389301,0,0,0,0,0,0,0,0,0,0,0,0,0,0,0,2025-01-14 05:29:55
12657,2024,SUI.1,20996,390076,0,0,0,0,0,0,0,0,0,0,0,0,0,0,0,2025-01-14 05:29:55
12657,2024,SUI.1,3019,390613,9,2,12,12,3,1,0,0,0,1,2,0,0,0,11,2025-03-21 04:51:56
12657,2024,SUI.1,3076,391669,15,12,8,5,1,0,0,0,0,3,10,1,0,0,10,2025-03-21 04:51:55
12657,2024,SUI.1,557,392183,1,1,0,0,0,0,0,0,0,0,0,0,0,0,1,2025-03-21 04:51:57
12657,2024,SUI.1,20032,394436,7,5,2,2,0,0,0,0,0,2,7,1,0,0,0,2025-03-21 04:51:57
12657,2024,SUI.1,492,395191,0,0,0,0,0,0,0,0,0,0,0,0,0,0,0,2025-03-21 04:51:56
12657,2024,SUI.1,2722,395342,2,2,0,0,0,0,0,0,0,0,0,0,0,0,0,2025-03-21 04:51:58
12657,2024,SUI.1,7640,395631,1,1,0,0,0,0,0,0,0,0,0,0,0,0,0,2025-03-21 04:51:55
12657,2024,SUI.1,7640,395632,1,1,0,0,0,0,0,0,0,0,0,0,0,0,0,2025-03-21 04:51:55
12657,2024,SUI.1,2722,395880,0,0,0,0,0,0,0,0,0,0,0,0,0,0,0,2025-03-21 04:51:58
12657,2024,SUI.1,2722,395881,0,0,0,0,0,0,0,0,0,0,0,0,0,0,0,2025-01-07 05:38:23
12657,2024,SUI.1,557,395944,0,0,0,0,0,0,0,0,0,0,0,0,0,0,0,2025-01-14 05:29:55
12657,2024,SUI.1,3019,395987,1,1,0,1,0,0,0,0,0,0,0,0,0,0,0,2025-03-21 04:51:56
12657,2024,SUI.1,2722,396004,0,0,0,0,0,0,0,0,0,0,0,0,0,0,0,2025-01-07 05:38:23
12657,2024,SUI.1,7640,396009,0,0,0,0,0,0,0,0,0,0,0,0,0,0,0,2025-03-21 04:51:55
12657,2024,SUI.1,557,396011,1,1,0,0,0,0,0,0,0,0,0,0,0,0,0,2025-03-21 04:51:57
12657,2024,SUI.1,3076,396632,0,0,0,0,0,0,0,0,0,0,0,0,0,0,0,2025-03-21 04:51:55
12657,2024,SUI.1,492,397221,5,5,1,0,0,0,0,0,0,3,3,1,0,0,2,2025-03-21 04:51:56
12657,2024,SUI.1,492,397295,1,0,5,2,0,0,0,0,0,0,3,0,0,0,1,2025-03-21 04:51:56
12657,2024,SUI.1,557,397421,0,0,0,0,0,0,0,0,0,0,0,0,0,0,0,2025-03-21 04:51:57
12657,2024,SUI.1,492,397461,0,0,0,0,0,0,0,0,0,0,0,0,0,0,0,2025-01-14 05:29:54
12657,2024,SUI.1,3019,397477,0,0,0,0,0,0,0,0,0,0,0,0,0,0,0,2025-03-21 04:51:56
12657,2024,SUI.1,2722,397543,0,0,0,0,0,0,0,0,0,0,0,0,0,0,0,2025-01-07 05:38:23
12657,2024,SUI.1,3019,399798,1,1,0,1,0,0,0,0,0,0,0,0,0,0,0,2025-03-21 04:51:56
12657,2024,SUI.1,7640,399871,0,0,0,0,0,0,0,0,0,0,0,0,0,0,0,2025-03-21 04:51:55
12657,2024,SUI.1,7640,400956,0,0,0,0,0,0,0,0,0,0,0,0,0,0,0,2025-03-21 04:51:55
12657,2024,SUI.1,7672,401536,1,1,0,0,0,0,0,0,0,0,0,0,0,0,1,2025-03-21 04:51:55
